{"cameraMode":{"drawMode":0,"name":"Shaded","section":"Shading Mode"},"sceneLighting":true,"audioPlay":false,"sceneViewState":{"showFog":true,"showMaterialUpdate":false,"showSkybox":true,"showFlares":true,"showImageEffects":true,"showParticleSystems":true},"in2DMode":false,"pivot":{"x":411.6240539550781,"y":150.98780822753907,"z":282.79437255859377},"rotation":{"x":0.054282840341329578,"y":0.09872792661190033,"z":-0.0056162187829613689,"w":0.9937664866447449},"size":4.731175422668457,"orthographic":true}